generated_id,region_id,region_name,node_id,lat,lon,degree,dist_m,weight,notes
R1_P1,R1,Central Kigali (CBD / Downtown),279254284,-1.9482021,30.057958,8,210.71389681911612,8.0,Generated from region by degree ranking
R1_P2,R1,Central Kigali (CBD / Downtown),281375156,-1.9503623,30.0613094,8,283.5692469717721,8.0,Generated from region by degree ranking
R1_P3,R1,Central Kigali (CBD / Downtown),279254295,-1.9469079,30.0583991,8,335.67605475869885,8.0,Generated from region by degree ranking
R1_P4,R1,Central Kigali (CBD / Downtown),12237774265,-1.9505862,30.0553143,8,394.8109447212267,8.0,Generated from region by degree ranking
R1_P5,R1,Central Kigali (CBD / Downtown),281375108,-1.9483391,30.0642693,8,632.1022990336758,8.0,Generated from region by degree ranking
R2_P1,R2,Nyabugogo (Transport hub area),1223047162,-1.9414341,30.0502016,8,665.6378559262408,8.0,Generated from region by degree ranking
R2_P2,R2,Nyabugogo (Transport hub area),1223047194,-1.9423927,30.0500417,8,689.716784384384,8.0,Generated from region by degree ranking
R2_P3,R2,Nyabugogo (Transport hub area),1223047118,-1.9378432,30.0532957,8,996.806176638111,8.0,Generated from region by degree ranking
R2_P4,R2,Nyabugogo (Transport hub area),1223047252,-1.9384962,30.0534032,8,997.0074213582513,8.0,Generated from region by degree ranking
R2_P5,R2,Nyabugogo (Transport hub area),1223047198,-1.9369851,30.0534734,8,1038.750439257545,8.0,Generated from region by degree ranking
R3_P1,R3,Remera / Giporoso corridor (East),1104499781,-1.9543451,30.1055163,8,398.9249851661483,8.0,Generated from region by degree ranking
R3_P2,R3,Remera / Giporoso corridor (East),1221381314,-1.9630478,30.1049343,8,584.5325144476949,8.0,Generated from region by degree ranking
R3_P3,R3,Remera / Giporoso corridor (East),2813694910,-1.9520848,30.1093329,8,745.1872653283232,8.0,Generated from region by degree ranking
R3_P4,R3,Remera / Giporoso corridor (East),718926973,-1.9540992,30.1003276,8,758.9387110169479,8.0,Generated from region by degree ranking
R3_P5,R3,Remera / Giporoso corridor (East),2813694909,-1.9514191,30.1090649,8,797.0803254046054,8.0,Generated from region by degree ranking
